stage	scale	elapsed_ms	heap_before_B	heap_after_B	heap_delta_B	heap_sample_max_B	pss_before_KiB	pss_after_KiB	pss_sample_max_KiB	sample_interval_ms	sample_count	artifact_B	result	limitations
environment	Mirra_API_37_Phase4B_Final;Android17/API37;2GiB;1080x2400;420dpi;Debug	-	-	-	-	-	-	-	-	-	-	-	actual_run	performance_on_retained_old_AVD;final_full_gate_on_separate_SwiftShader_4GiB_AVD;not_physical_device/OEM_SLA
measurement_limits	all_rows	-	-	-	-	-	-	-	-	-	-	-	observational	'-'=unreported;whole_process_heap/PSS;sampling_overhead;GC_can_make_delta_negative;100ms_target+before/after;sample_max_is_not_true_peak;not_constant_space_or_arbitrary_scale
V1_sandbox_scale	12_tables;1026_rows;1000_long_Chinese_notes;16_JPEG_256x256	-	-	-	-	-	-	-	-	-	-	-	synthetic_cache_only	note_UTF8_B=1923030;JPEG_B=180053;formula_prefix+quotes+newlines;not_installed_storage
seed	V1_sandbox	1133	5077776	22589536	17511760	22589536	119849	136097	136097	100	10	-	returned=true	SQLite/DataStore/JPEG_seed;not_read_performance;see_measurement_limits
existingFtsRebuild	V1_sandbox	1934	22589536	11529744	-11059792	35320464	135797	127882	148298	100	16	-	returned=true	standalone_existing_SearchIndexRebuilder;see_measurement_limits
originalFtsQuery	V1_sandbox	8	3382800	3415616	32816	3415616	122470	122526	122526	100	2	-	returned=true	count_query;1000_Chinese_note_matches;not_UI_latency;see_measurement_limits
backupPrepareIncludesSnapshotImagesAndFts	V1_sandbox	3496	3448384	3903104	454720	5082640	122530	118850	132512	100	28	-	returned=true	snapshot+referenced_JPEGs+FTS_bundled;see_measurement_limits
backupSaveAndReadback	V1_sandbox	303	3903104	3485312	-417792	4271744	118858	118866	119178	100	4	-	returned=true	sandbox_file_URI;not_system_SAF_provider_latency;see_measurement_limits
backupInspectIncludesValidationReconstructAndFts	V1_sandbox	2655	3624576	4402848	778272	5443200	118846	120026	132910	100	23	-	returned=true	validation+reconstruction+FTS_bundled;see_measurement_limits
JSONPrepareIncludesFrozenBackupSnapshot	V1_sandbox	4155	4099744	4398848	299104	5303968	121842	120662	132838	100	33	-	returned=true	frozen_backup_snapshot+JSON_writer_bundled;see_measurement_limits
JSONSaveAndReadback	V1_sandbox	26	4398848	3751680	-647168	4398848	120666	120030	120666	100	2	-	returned=true	sandbox_file_URI;not_system_SAF_provider_latency;see_measurement_limits
CSV_ZIPPrepareIncludesFrozenBackupSnapshot	V1_sandbox	3621	4284160	3653376	-630784	5848832	122034	120278	134762	100	30	-	returned=true	frozen_backup_snapshot+CSV/ZIP_writer_bundled;see_measurement_limits
CSV_ZIPSaveAndReadback	V1_sandbox	2	3653376	3895040	241664	3895040	120286	120382	120382	100	2	-	returned=true	sandbox_file_URI;not_system_SAF_provider_latency;see_measurement_limits
backupRestoreIncludesRevalidationFtsAndDurableJournal	V1_sandbox	6605	3628832	3976992	348160	5656352	121981	120535	133037	100	45	-	returned=true	revalidation+FTS+durable_journal_bundled;not_physical_power_loss;see_measurement_limits
restoredFtsQuery	V1_sandbox	7	3608352	3641120	32768	3641120	122303	122315	122315	100	2	-	returned=true	count_query;1000_Chinese_note_matches;not_UI_latency;see_measurement_limits
artifact_JSON	V1_sandbox	-	-	-	-	-	-	-	-	-	-	2099140	all_whitelisted_fields_matched	not_backup;no_image_binary;formula/special_text_exact_match
artifact_CSV_ZIP	V1_sandbox	-	-	-	-	-	-	-	-	-	-	28022	all_whitelisted_fields_matched	not_backup;no_image_binary;column_order/null/escaping/formula_guard_exact_match
artifact_FULL_BACKUP	V1_sandbox;16_referenced_JPEGs	-	-	-	-	-	-	-	-	-	-	9369938	roundtrip_PASS	formal_backup/restore;not_physical_power_loss
roundtrip_proof	V1_sandbox	-	-	-	-	-	-	-	-	-	-	-	PASS	all_12_table_fields+JPEG_bytes+portable_value/presence_match;original_facts_unchanged_after_inspect/exports;restored_Chinese_FTS=1000;journal_pending=false
trends_seed	10001_each:intent/session/context/FOCUS_segment	24236	-	-	-	-	-	-	-	-	-	-	returned	separate_fixture_insert_time;not_read_performance
trends_ALL_run1	10001_history_facts	1942	-	-	602112	-	-	-	-	-	-	-	65_business_SELECTs	endpoint_heap_delta_only;see_trends_limits
trends_ALL_run2	10001_history_facts	1368	-	-	454656	-	-	-	-	-	-	-	65_business_SELECTs	endpoint_heap_delta_only;see_trends_limits
trends_ALL_run3	10001_history_facts	1238	-	-	1576960	-	-	-	-	-	-	-	65_business_SELECTs	endpoint_heap_delta_only;see_trends_limits
trends_limits	ALL;10001_history_facts	-	-	-	-	-	-	-	-	-	-	-	actual_query_plan+source	child_ID_cohorts<=800;off_main_reads;ALL_exact_median_retains_O(N)_scalar_samples;SQL_scans+temporary_sorts_observed;no_constant_space;no_arbitrary_scale;no_true_peak/PSS_measurement
insight_90day_iteration0	10001_in_window_sessions+100_ancient	1166	-	-	-	-	-	-	-	-	-	-	27_business_SELECTs	max_child_IDs=800;memory_unmeasured;not_UI_latency
insight_90day_iteration1	10001_in_window_sessions+100_ancient	832	-	-	-	-	-	-	-	-	-	-	27_business_SELECTs	max_child_IDs=800;memory_unmeasured;not_UI_latency
insight_90day_iteration2	10001_in_window_sessions+100_ancient	599	-	-	-	-	-	-	-	-	-	-	27_business_SELECTs	max_child_IDs=800;memory_unmeasured;not_UI_latency
targeted_suite_total	3_targeted_tests	78550	-	-	-	-	-	-	-	-	-	-	PASS	root_runner_elapsed;includes_setup/assertions;not_sum_of_service_stage_times
global_history_seed	10001_ended_sessions;in_memory_Room	11384	6216848	4236944	-1979904	-	-	-	-	-	2	-	synthetic_seed	logged_heap_endpoints;delta_derived_from_endpoints;GC_sensitive;not_peak;PSS_unreported;Debug/API37
global_history_firstPage_run1	10001_sessions;50_rows_per_page	21	4236944	3249808	-987136	-	-	-	-	-	2	-	1_SELECT;50_rows;hasMore=true	logged_heap_endpoints;no_periodic_sampler;not_peak;PSS_unreported;in_memory_Room;Debug/API37
global_history_firstPage_run2	10001_sessions;50_rows_per_page	10	3249808	3282576	32768	-	-	-	-	-	2	-	1_SELECT;50_rows;hasMore=true	logged_heap_endpoints;no_periodic_sampler;not_peak;PSS_unreported;in_memory_Room;Debug/API37
global_history_firstPage_run3	10001_sessions;50_rows_per_page	8	3282576	3348112	65536	-	-	-	-	-	2	-	1_SELECT;50_rows;hasMore=true	logged_heap_endpoints;no_periodic_sampler;not_peak;PSS_unreported;in_memory_Room;Debug/API37
global_history_complete	10001_records;201_pages;max50_rows_per_page	1205	3348112	3417744	69632	6216848	-	-	-	-	-	-	201_SELECTs;exact_order_no_duplicate_or_omission;targeted_PASS	includes_checks+per_page_logging;delta_derived_from_endpoints;heap_max_is_running_endpoint_max_including_seed/firstPage/traversal;not_peak;PSS_unreported;in_memory_Room;Debug/API37;not_arbitrary_scale_SLA
